Enter password: ****
Welcome to the MySQL monitor.  Commands end with ; or \g.
Your MySQL connection id is 16
Server version: 9.3.0 MySQL Community Server - GPL

Copyright (c) 2000, 2025, Oracle and/or its affiliates.

Oracle is a registered trademark of Oracle Corporation and/or its
affiliates. Other names may be trademarks of their respective
owners.

Type 'help;' or '\h' for help. Type '\c' to clear the current input statement.

mysql> show databases;
+--------------------+
| Database           |
+--------------------+
| bank               |
| dnyaneshwar        |
| information_schema |
| mysql              |
| newbank            |
| operation          |
| performance_schema |
| personalexpense    |
| studdemo           |
| studentdetail      |
| studentinfo        |
| sys                |
+--------------------+
12 rows in set (0.017 sec)

mysql> use studentinfo;
Database changed
mysql> show tables;
+-----------------------+
| Tables_in_studentinfo |
+-----------------------+
| studinfo              |
+-----------------------+
1 row in set (0.019 sec)

mysql> select * from studinfo;
+--------+----------+----------+
| rollno | Name     | Address  |
+--------+----------+----------+
|     10 | Messi    | Argentia |
|     11 | Jonathan | Mumbai   |
|     12 | Rohit    | Mumbai   |
|     13 | Ritika   | Mumbai   |
+--------+----------+----------+
4 rows in set (0.013 sec)

mysql> select * from studinfo;
+--------+----------+----------+
| rollno | Name     | Address  |
+--------+----------+----------+
|     10 | Sachin   | Argentia |
|     11 | Jonathan | Mumbai   |
|     12 | Rohit    | Mumbai   |
|     13 | Ritika   | Mumbai   |
+--------+----------+----------+
4 rows in set (0.010 sec)

mysql> select * from studinfo;
+--------+----------+---------+
| rollno | Name     | Address |
+--------+----------+---------+
|     11 | Jonathan | Mumbai  |
|     12 | Rohit    | Mumbai  |
|     13 | Ritika   | Mumbai  |
+--------+----------+---------+
3 rows in set (0.010 sec)

mysql>
